smiles,sol
CC(N)=O,1.58
CNN,1.34
CC(O)=O,1.22
C1CCNC1,1.15
NC(=O)NO,1.12
OCC(O)CO,1.12
CN(C)C(C)=O,1.11
C1=CN=NC=C1,1.1
C1=CN=CN=C1,1.1
CC(N)CC(O)=O,1.08
C1CNCCN1,1.07
C1CCNCC1,1.07
OC1=CC=NC=C1,1.02
OC1=NC=CC=C1,1.02
OC(=O)CCCC(O)=O,1.0
CN1CCOCC1,1.0
COC(N)=O,0.97
CN1C=CC=CC1=O,0.96
CCOC(N)=O,0.85
COC(=O)C1=CCCN(C)C1,0.81
OC1=CC(O)=CC=C1,0.81
C1=CC=NC=C1,0.76
CC1CNCCN1,0.74
OC1=C(O)C=CC=C1,0.62
NC(=O)C1=CC=CN=C1,0.61
O=C1NC=NC=C1,0.59
CCC=O,0.58
COC=O,0.58
C=CC=O,0.57
C1CCOC1,0.56
CCC(C)=O,0.52
CC1CNC(C)CN1,0.49
COCOC,0.48
CC1=CC=CC(C)=N1,0.45
CC1=CC=C(C)N=C1,0.4
CC1=CC(C)=NC=C1,0.38
CC1=CC=CN=C1C,0.38
O=C1C=CC=C2C3CNCC(C3)CN12,0.36
OC1C(O)C(O)C(O)C(O)C1O,0.35
CC=CC=O,0.32
CCC(N)C(O)=O,0.31
O=C1CCC(=O)N1,0.3
CC(C)C(O)=O,0.28
CN1CCCCC1,0.23
CC(=O)CC(C)=O,0.22
CCOC=O,0.15
C=CC#N,0.15
CC1CCCO1,0.11
CC(C)(C)OC(N)=O,0.1
CCC(C)(C)O,0.08
NNC1=CC=CC=C1,0.07
CC(C)CO,0.04
CCS(=O)(=O)CC,0.04
C1=NC2=C(N=C1)N=CN=C2,0.02
NNC(=O)C1=CC=NC=C1,0.01
OC1=CC=CC=C1,0.0
CCCC=O,-0.01
C1CCOCC1,-0.03
CCC1NC(=O)NC1=O,-0.06
CC1=CC(O)=NO1,-0.07
CC(O)C(N)C(O)=O,-0.09
CCOCC,-0.09
O=CC1=CC=CO1,-0.1
CC1=NC2=C(C=N1)N=CC=N2,-0.12
CC(C)(S)C(N)C(O)=O,-0.13
CCN(CC)CC,-0.14
N1C=CC=C1,-0.17
OC1CC(O)C(O)C(O)C1O,-0.17
CN1C2=C(N(CC(O)CO)C=N2)C(=O)N(C)C1=O,-0.17
O=NN1CCCCC1,-0.17
CCCC(C)=O,-0.19
CCCC(O)=O,-0.19
CN(C)NC(=O)CCC(O)=O,-0.2
OC(=O)CCC(O)=O,-0.2
CC(C)C(C)O,-0.2
COC(=O)C=C,-0.22
CCC(O)CC,-0.24
OC(=O)C1C2CCC(O2)C1C(O)=O,-0.27
CCCC(C)O,-0.29
CC(C)(C(O)=O)C(C)(CC(O)=O)C(O)=O,-0.29
ClCCC#N,-0.29
OCC1=C(O)C=CC=C1,-0.29
CC(C)COC(N)=O,-0.3
NC(N)=NC#N,-0.31
CCC(C)(O)CC,-0.38
NC1=CC=C(N)C=C1,-0.38
CCCOC,-0.39
CC(C)C(C)CO,-0.39
OCC1=CC=CC=C1,-0.4
CSCCC(N)C(O)=O,-0.42
NC1=CC=CC=C1N,-0.42
CNC(C)C(O)C1=CC=CC=C1,-0.42
OC1CCCCC1,-0.44
CC(=O)CC1CCCCN1,-0.45
OC1=CC=CN=C1,-0.46
COC(=O)C1=CC=CN=C1,-0.46
CC1=NC=NC2=C1N=CC=N2,-0.47
NCC(O)C1=CC=CC=C1,-0.48
CN1C2CC(CC1C1OC21)OC(=O)C(CO)C1=CC=CC=C1,-0.48
CCCOC=O,-0.49
NCCC(O)C(=O)NC1CC(N)C(OC2OC(CN)C(O)C(O)C2O)C(O)C1OC1OC(CO)C(O)C(N)C1O,-0.5
CC(C)(C)CCO,-0.5
NC(CC1=CNC=N1)C(O)=O,-0.53
CCCC(O)C(CC)CO,-0.54
NC(CCC(N)=O)C(O)=O,-0.55
CC1CO1,-0.59
O=C1CCCCC1,-0.6
CC(=O)OCC(COC(C)=O)OC(C)=O,-0.6
CC(O)C(C)(C)C,-0.62
CN(C)C1=C(C)N(C)N(C1=O)C1=CC=CC=C1,-0.63
ClCCl,-0.63
CCCCOC(N)=O,-0.66
CCCOCC,-0.66
CCOC(=O)CC,-0.66
CC1=CC(O)=CC=C1,-0.68
O=CNC1=CC=CC=C1,-0.68
OC1=CC=C(Cl)C=C1,-0.7
OC1=CC=CC(Cl)=C1,-0.7
CC1=CC=C(O)C=C1,-0.7
CCC(O)C(C)C,-0.7
OCCOC1=CC=CC=C1,-0.71
CCC(C)C(C)O,-0.72
CCCOC(C)=O,-0.72
CC(C)(C)C(C)(C)O,-0.72
NC1=CC=CC=C1O,-0.72
CCOC(=O)C=C,-0.74
OC1=CC=C(C=C1)N(=O)=O,-0.74
ONC1=CC=CC=C1,-0.74
NC(CC(N)=O)C(O)=O,-0.74
OCC1OC(OCC2OC(OC(C#N)C3=CC=CC=C3)C(O)C(O)C2O)C(O)C(O)C1O,-0.77
CCOCCOCC,-0.77
N1N=NC2=C1C=CC=C2,-0.78
NC1=CC=C(O)C=C1,-0.8
CN1C=CC(=O)NC1=O,-0.8
CCCC(O)CC,-0.8
COC(=O)C(C)=C,-0.8
CC(C)(C)COC(N)=O,-0.8
CCOC(=O)CC(=O)OCC,-0.82
O1C=CC=C1,-0.82
CCCC(=O)OC,-0.82
C=CCSS(=O)CC=C,-0.83
CCCC(=O)C=C,-0.83
OC(=O)C1=CN=CC=C1,-0.84
CCCCC=O,-0.85
CN(N=O)C(N)=O,-0.85
CCOC=C,-0.85
CC1=CC(N)=CC=C1,-0.85
CCC(O)(CC)CC,-0.85
OCC1OC(OC2=CC=CC=C2CO)C(O)C(O)C1O,-0.85
OC1=C(C=O)C=CC=C1,-0.86
ClC1=NC2=C(C=NC=N2)N=C1,-0.87
CC1CCC(O)CC1,-0.88
CCCC(C(C)=O)C(C)=O,-0.88
ClCBr,-0.89
OC(=O)CC1=CC=CC=C1,-0.89
CC(=O)NC(N)=O,-0.9
COC1=NC2=C(C=NC=N2)N=C1,-0.91
CC(O)C1=CC=CC=C1,-0.92
CC(C)CC(C)(C)O,-0.92
CCOC(=O)CCC(=O)OCC,-0.96
CC=CCC#N,-0.96
NC(=O)C1=CC=CC=C1,-0.96
OC1=CC=C(C=O)C=C1,-0.96
CN1C=NC2=C1C(=O)N(C)C(=O)N2C,-0.97
CC(=O)NC1=CC=C(N)C=C1,-0.98
O=C1C=CC(=O)C=C1,-0.99
CCCCOC,-0.99
CI,-1.0
CCCC(C)(O)CC,-1.0
CC(C)COC=O,-1.01
CC(=O)NC1=CC=C(O)C=C1,-1.03
C1CC2=CC=CC=C2N1,-1.04
FC1=CNC(=O)NC1=O,-1.07
CCCCC(C)(C)O,-1.08
OC1=CC=C(Br)C=C1,-1.09
CCBr,-1.09
CC(C)OC(C)C,-1.1
OC(=O)COC1=CC=CC=C1,-1.1
COC1=NC=C2N=CC=NC2=N1,-1.11
COC1=NC=NC2=C1N=CC=N2,-1.11
NCCC1=CC=C(O)C=C1,-1.12
CC1CC(C)C(=O)C(C1)C(O)CC1CC(=O)NC(=O)C1,-1.13
CC(C)CCCO,-1.14
NC1=NC(=O)NC=C1,-1.14
O1C=NC2=C1C=CC=C2,-1.16
ClCCS(=O)CCCl,-1.16
CCC(CC)CO,-1.17
ClC(Cl)Cl,-1.17
CC1=CC=C(O)C(C)=C1,-1.19
O=CC1=CC=CC=C1,-1.19
CC1=CC=C(CO)C=C1,-1.2
COC(=O)C1C2CC(C=C2)C1C(=O)OC,-1.2
CC(C)COC(=O)C=C,-1.21
CC(C)(C)NCC(O)C1=CC(CO)=C(O)C=C1,-1.22
CC(C)C(O)C(C)C,-1.22
NC(CC1=CNC2=C1C=CC=C2)C(O)=O,-1.23
CC(=O)NS(=O)(=O)C1=CC=C(N)C=C1,-1.23
CCCCOC(C)=O,-1.24
CCCCCCO,-1.24
O=C1NC(=O)C(=O)C(=O)N1,-1.25
CCC(C)(O)C(C)(C)C,-1.27
CC(=O)C1=CC=CC=C1,-1.28
CC(=O)C1=CC(N)=CC=C1,-1.28
CCCC(=O)OCC,-1.28
CC(Cl)Cl,-1.29
COC1=CC=C(NC(C)=O)C=C1,-1.3
C1=CC2=C(C=C1)N=CC=C2,-1.3
CCCCCC=O,-1.3
ClCCBr,-1.32
CC(=O)NC1=CC=CC=C1,-1.33
CC(C)CCC(C)=O,-1.33
CCC1=CC=CC=C1O,-1.36
CCCCC(=O)OC,-1.36
NC(=N)NN(=O)=O,-1.37
NC1=CC=CC(Cl)=C1,-1.37
OCCCC1=CC=CC=C1,-1.38
CC(C)CCC(C)O,-1.38
CCC1(CC)C(=O)NC(=O)NC1=O,-1.39
CC1=CC(O)=CC(C)=C1,-1.4
CCN(CC)CCOC(=O)C1=CC=C(N)C=C1,-1.4
CC(=O)NC1=CC=CC=C1Cl,-1.4
CCCC(O)CCC,-1.4
OC(=O)CCC1=CC=CC=C1,-1.41
CCCCCC(C)=O,-1.42
C1=CN=C(C=C1)C1=CC=CC=N1,-1.42
CC1=CC=CC(O)=C1C,-1.43
CCCCNCCCC,-1.44
S1C=CC=C1,-1.45
C1=CC2=C(C=C1)C=NC=C2,-1.45
OC(=O)C1=CSC=C1,-1.47
CCCCl,-1.47
ClCC(Cl)Cl,-1.48
COC1=CC=C(C=O)C=C1,-1.49
ClCCS(=O)(=O)CCCl,-1.5
NC(=N)NCC(O)=O,-1.51
N1C=CC2=C1C=CC=C2,-1.52
CCCC(C)(C)CO,-1.52
NC1=CC=CC=C1C(O)=O,-1.52
COC1=C2OC3C(O)C=CC4C5CC(C=C1)=C2C34CCN5C,-1.52
NCC1=CC=CC=C1,-1.53
C1=CC(=CC=N1)C1=CC=NC=C1,-1.54
CC1=CC=C(C)C(O)=C1,-1.54
CC(C)(C)CCCO,-1.55
OC(=O)C1=CC=CC=C1,-1.55
CN1CCCCC1C(=O)NC1=C(C)C=CC=C1C,-1.55
CSC1=NC2=C(C=NC=N2)N=C1,-1.55
OC1=CC=C(Cl)C=C1Cl,-1.55
CCCCCC(C)O,-1.55
CCCCC(=O)CC(C)=O,-1.56
COC1=C(O)C=CC(CC=C)=C1,-1.56
CN1C(=O)NC2=C(NC(=O)N2)C1=O,-1.56
CC1=CC(O)=CC=C1Cl,-1.57
CNC(=O)OC1=C(C=CC=C1)C1OCCO1,-1.57
CC(=O)NC1=CC=C(C=O)C=C1,-1.58
COC(=O)C1=CC=C(N)C=C1,-1.59
C1OC1C1=CC=CC=C1,-1.6
CC(Cl)CCl,-1.6
CC(C)CC(=O)CC(C)=O,-1.6
COCC(=O)N(C(C)C(=O)OC)C1=C(C)C=CC=C1C,-1.6
OC(=O)C1=C(C=CC=C1)C(F)(F)F,-1.6
CC(C)CC(C)CO,-1.6
CN(C)C(=O)NC1=CC=CC=C1,-1.6
CC(=O)NC1=CC=C(C=C1)S(N)(=O)=O,-1.61
COC1=CC=C(CC2NCC(O)C2OC(C)=O)C=C1,-1.61
CNC(=O)ON=C(CSC)C(C)(C)C,-1.62
ClC(Cl)C(=O)N(CC=C)CC=C,-1.62
ClCCCCl,-1.62
CCCOCCC,-1.62
O=CC1=CC2=C(OCO2)C=C1,-1.63
C1=CC=CC=C1,-1.64
ClC(Cl)=C,-1.64
O=C1NS(=O)(=O)C2=CC=CC=C12,-1.64
CC12CCC(CC1)C(C)(C)O2,-1.64
CCCCC1(CC)C(=O)NC(=O)NC1=O,-1.64
NC1=CC=C(Cl)C=C1,-1.66
CCCC(C)(COC(N)=O)COC(N)=O,-1.67
CC(=O)OC1CCCCC1,-1.67
OC(=O)C1=CC=CC(=C1)N(=O)=O,-1.68
BrCCBr,-1.68
COC1=C(C(O)=O)C(Cl)=CC=C1Cl,-1.7
CCNC1=CC=CC=C1,-1.7
CCCCCCC=O,-1.7
FC(F)(F)C(Cl)Br,-1.71
CC(C)C1(CC=C)C(=O)NC(=O)NC1=O,-1.71
CCCCCC(C)(C)O,-1.72
CCCCC(C)C(C)O,-1.72
OC1=CC=C(O)C(=C1)C1(O)C=CC(=O)C=C1,-1.73
CCCBr,-1.73
OC1=CC=CC=C1N(=O)=O,-1.74
ClC(Cl)C(Cl)Cl,-1.74
CC1=CC=C(C=C1)S(N)(=O)=O,-1.74
CCCCC(=O)OCC,-1.75
CSC1=NC=C2N=CC=NC2=N1,-1.76
NC(=O)C1=CC=CC=C1O,-1.76
CCN(CC)CC(=O)NC1=C(C)C=CC=C1C,-1.76
CC=CC=CC(O)=O,-1.77
NC(=S)NC1=CC=CC=C1,-1.77
O=C1CSC(=S)N1,-1.77
COC(=O)C1=CC=C(O)C=C1,-1.78
CCCOC(=O)C1=CC(O)=C(O)C(O)=C1,-1.78
CC(=O)NC1=CC=C(F)C=C1,-1.78
O=N(=O)C1=CC=CC=C1,-1.8
CNC(=O)OC1=CC(C)=CC=C1,-1.8
FC1=CC=CC=C1,-1.8
CCCCCCCO,-1.81
OC(=O)C1=CC=CC=C1O,-1.82
CCC(=O)C1=CC=CC=C1,-1.83
CN1N=C(SC1=NC(C)=O)S(N)(=O)=O,-1.83
CC12C3C(C(O)=O)C45CC(=C)C(O)(C4)CCC5C3(OC1=O)C=CC2O,-1.84
CCCCOCCCC,-1.85
COC1=CC=CC=C1,-1.85
CCCC(CCC)C(O)=O,-1.86
COC1=C(O)C2=C(CCC34C=CC(=O)CC23CCN4C)C=C1,-1.87
CC1CCCC(=O)C1,-1.87
C1CCN2CC3CC(CN4CCCCC34)C2C1,-1.89
CCCCCOC(C)=O,-1.89
CCOC(=O)C1(CCN(C)CC1)C1=CC=CC=C1,-1.89
COC1=CC=C2COC(=O)C2=C1OC,-1.89
OC(=O)CCCCCCCC(O)=O,-1.89
ClC(Br)Br,-1.9
BrC(Br)Br,-1.91
CN1C2CCC1CC(C2)OC(=O)C(CO)C1=CC=CC=C1,-1.91
CC(=O)NC1=CC=C(OC(C)=O)C=C1,-1.91
CCCOC(=O)CCC,-1.92
COC1=C(OC)C(C(O)=O)=C(C=O)C=C1,-1.92
CCCCCCOC(N)=O,-1.92
CN(C)C1=CC=CC=C1,-1.92
CCC(=O)NC1=CC=CC=C1,-1.92
CC(C)CCOC(C)=O,-1.92
OC(=O)C1=CC(=O)NC(=O)N1,-1.93
OC(C(O)C1=CC=CC=C1)C1=CC=CC=C1,-1.93
CCC1=NN=C(NS(=O)(=O)C2=CC=C(N)C=C2)S1,-1.94
CC1=CC=C2C=CC(C)=NC2=C1,-1.94
CN(C)C(=O)OC1=NC(=NC(C)=C1C)N(C)C,-1.95
COC1=CC=CC=C1N(=O)=O,-1.96
OC(=O)C=CC1=CNC=N1,-1.96
CCC(C)Cl,-1.96
NC1=CC=CC=C1N(=O)=O,-1.96
C1C=CCC=C1,-1.97
OC1=CC=C2CCCCC2=C1,-1.99
CC(Cl)(Cl)Cl,-2.0
CC1=CC=CC=C1S(N)(=O)=O,-2.02
CCCCCl,-2.03
CCCCCCC(C)=O,-2.05
CNC(=O)OC1=CC=CC=C1OC(C)C,-2.05
CC(=O)C1=CC=C(C=C1)S(=O)(=O)NC(=O)NC1CCCCC1,-2.06
OC(=O)C(=C)C1=CC=CC=C1,-2.06
CC(=C)C1CC=C(C)C(=O)C1,-2.06
CC1=CC=CC=C1C(O)=O,-2.06
OC1CCN2C(O)C3=CC=CC=C3N=C12,-2.07
OC(=O)CC1=CNC2=C1C=CC=C2,-2.07
CC(C)C1=CC(O)=C(C)C=C1,-2.08
CC(=O)NC1=CC(C)=CC=C1,-2.09
CN(C)C(=O)OC1=CC(C)=NN1C1=CC=CC=C1,-2.09
CC(C)I,-2.09
C=CCC=C,-2.09
CCCCCCC(C)O,-2.09
COC1=CC2=C(C=C1OC)C13CCN4CC5=CCOC6CC(=O)N2C1C6C5CC34,-2.09
OCC1=C(Cl)C=CC=C1Cl,-2.1
CCCCC(CC)CO,-2.11
OC(=O)C1=CC=CC=C1C(O)=O,-2.11
CN1[C@H]2CC[C@@H]1CC(C2)OC(=O)C(CO)C1=CC=CC=C1,-2.12
SC1=CC=CC=C1,-2.12
NC1=NC=NC2=C1N=CN2,-2.12
CN1CSC(=S)N(C)C1,-2.13
CC1=CC=CC(=C1)C(O)=O,-2.14
O=C1NC2=CC=CC=C2C=C1,-2.14
CC(C)CNC(=O)N1CCNC1=O,-2.15
C1C=CC=CC=C1,-2.15
OC(=O)COC1=CC=CC=C1Cl,-2.16
OC1=CC=C2N=CC=CC2=C1,-2.16
CCC1(C(=O)NC(=O)NC1=O)C1=CCCCC1,-2.17
CCOC1=CC=C(NC(N)=O)C=C1,-2.17
C=CCC1(C(=O)NC(=O)NC1=O)C1=CC=CC=C1,-2.18
CCCCNC(=O)NS(=O)(=O)C1=CC=C(N)C=C1,-2.18
ClCC(Cl)(Cl)Cl,-2.18
ON=CC1=CC=C(O1)N(=O)=O,-2.19
NC1=CC=CC(=C1)N(=O)=O,-2.19
CCC1(C(C)C)C(=O)NC(=O)NC1=O,-2.21
[H]C1=C([H])C([H])=C(C([H])=C1[H])C([H])([H])[H],-2.21
OC(=O)C(O)(C1=CC=CC=C1)C1=CC=CC=C1,-2.21
OC1=CC=CC2=C1C=CC=C2,-2.22
CC(C)C1=C(O)C=C(C)C=C1,-2.22
CC(OC1=CC=CC=C1Cl)C(O)=O,-2.22
O=N(=O)OCC(CON(=O)=O)ON(=O)=O,-2.22
CCC1(CC)C(=O)NC(=O)N(C)C1=O,-2.23
CC1=CC(Cl)=CC=C1OCC(O)=O,-2.23
CCCCC1=C(O)N=C(N=C1C)N(C)C,-2.24
CC1=CC(NS(=O)(=O)C2=CC=C(N)C=C2)=NC(C)=N1,-2.24
CC(=O)NC1=CC=CC=C1O,-2.24
O=C1NC(=S)NC=C1,-2.26
OC1=CC2=C(C=CC=C2)C=C1,-2.28
O=C1NC(=O)C(C(=O)N1)N(=O)=O,-2.28
CCCI,-2.29
CCCCCCCC(O)=O,-2.3
CCOP(=S)(OCC)OC1=CC=C(C=C1)S(C)=O,-2.3
FC1=CC(F)=C(F)C(F)=C1,-2.31
ClC(Cl)(Cl)Cl,-2.31
CCOC(=O)C1=CC=CC=C1,-2.32
CC1(C)C2CCC1(C)C(O)C2,-2.32
NC1=CC=C(C=C1)S(=O)(=O)NC1=CC=NN1C1=CC=CC=C1,-2.32
CCCOC(=O)C1=CC=C(N)C=C1,-2.33
NNC(=O)NC1=CC=CC=C1,-2.33
COC(=O)C1=C(O)C=CC=C1,-2.34
OC1=C(Cl)C=C(Cl)C=C1Cl,-2.34
CCC1(CCC(=O)NC1=O)C1=CC=CC=C1,-2.34
CCC1=CC=CC(CC)=C1N,-2.35
CCOC(=O)C1=CC=CC=C1C(=O)OCC,-2.35
CCOC(=O)C1=CC=C(O)C=C1,-2.35
CCCCCCCC=O,-2.36
CCCCC#C,-2.36
CN(C)C(=O)NC1CCCCCCC1,-2.36
CSC1=NC=NC2=C1N=CC=N2,-2.36
S=C1NC2=C(C=N1)N=CC=N2,-2.36
CCOC1=CC=C(NC(C)=O)C=C1,-2.37
CCCCBr,-2.37
ClC1=CC=CC=C1,-2.38
ClCC(Br)CBr,-2.38
N#CC1=CC=CC=C1C#N,-2.38
OC1=NC=NC2=C1C=NN2,-2.38
ClCC1=CC=CC=C1,-2.39
OC1=CC=CC=C1C1=CC=CC=C1,-2.39
CSC1=CC=CC=C1,-2.39
CCCC(Cl)Cl,-2.4
COC(=O)C1=CC=C(OC)C=C1,-2.41
CC1=NN=C(NS(=O)(=O)C2=CC=C(N)C=C2)S1,-2.41
COC1=CC=C(C=C1)N(=O)=O,-2.41
CC1=CNC2=C1C=CC=C2,-2.42
CC(C)CBr,-2.43
CC1=CC(=O)NC(=S)N1,-2.43
NC1=CC=C(C=C1)S(=O)(=O)NC1=NC=CS1,-2.43
CC1=C(C(=O)NC2=CC=CC=C2)S(=O)(=O)CCO1,-2.43
CC1=CC=CC(=C1)N(=O)=O,-2.44
CC1=C(C)N=C(NS(=O)(=O)C2=CC=C(N)C=C2)O1,-2.44
CC1=C(O)N=C(S)N=C1,-2.45
CC(OC1=CC=C(Cl)C=C1Cl)C(O)=O,-2.45
NC1=CC(Cl)=CC(C(O)=O)=C1Cl,-2.47
CC1=C(Cl)C(=O)N(C(=O)N1)C(C)(C)C,-2.48
OC(=O)C=CC1=CC=CC=C1,-2.48
CC(C)N(C(=O)CCl)C1=CC=CC=C1,-2.48
OC(=O)COC1=C(Cl)C=C(Cl)C=C1,-2.51
CN(C)C1C2CC3C(O)C4=C(Cl)C=CC(O)=C4C(=O)C3=C(O)C2(O)C(=O)C(C(N)=O)=C1O,-2.52
CCCC(C)C1(CC)C(=O)NC(=O)NC1=O,-2.52
COC1=C(O)C=C(Cl)C(Cl)=C1,-2.53
CCC=CC,-2.54
FC1=CC=C(CCl)C=C1,-2.54
OC1=CC=CC2=C1C=CC=N2,-2.54
COC1=CC(NS(=O)(=O)C2=CC=C(N)C=C2)=NC(C)=N1,-2.54
CC(OC1=C(C)C=C(Cl)C=C1)C(O)=O,-2.55
CC1=C(CCCO1)C(=O)NC1=CC=CC=C1,-2.56
CCC1(CCC(C)C)C(=O)NC(=O)NC1=O,-2.57
COC1=CN=C(NS(=O)(=O)C2=CC=C(N)C=C2)N=C1,-2.58
CCCCCCCC(C)=O,-2.58
C1CCC=CC1,-2.59
OC(=O)C1=CC(Cl)=CC=C1,-2.59
CCC1=CC=CS1,-2.59
C(N(CC1=CC=CC=C1)C1=CC=CC=C1)C1=NCCN1,-2.6
ClC(Cl)C(Cl)(Cl)Cl,-2.6
COC1=CC=C(C=C1)C(O)(C1CC1)C1=CN=CN=C1,-2.6
OC(=O)CN1C(=O)SC2=C1C(Cl)=CC=C2,-2.61
CC1=CC(NS(=O)(=O)C2=CC=C(N)C=C2)=NO1,-2.62
CCCCCCCOC(N)=O,-2.62
NS(=O)(=O)C1=CC2=C(NCNS2(=O)=O)C=C1Cl,-2.62
O=N(=O)OC1COC2C(COC12)ON(=O)=O,-2.63
CCC(=O)C1=CC=C(N)C=C1,-2.63
CCCC(C)Cl,-2.63
C1CCCC1,-2.64
CN(C)CCN(CC1=CC=CC=C1)C1=NC=CC=C1,-2.64
CN(C)CCN(CC1=CC=CS1)C1=CC=CC=N1,-2.64
OC(=O)CC1=CC=CC2=C1C=CC=C2,-2.65
CC(C)N1C(=O)C2=CC=CC=C2NS1(=O)=O,-2.68
C=CCCC=C,-2.68
CCCC=C,-2.68
C1=CC2=C(N=C1)C1=C(C=C2)N=CC=C1,-2.68
CC(=O)NC1=CC=C(C=C1)N(=O)=O,-2.69
CC(Cl)C(C)(C)Cl,-2.69
CC(Cl)C(C)Cl,-2.7
NC1=CC=C(C=C1)C1=CC=C(N)C=C1,-2.7
NCCCCCCCCCCC(O)=O,-2.7
CCCCCCC(=O)OCC,-2.71
CCOC1=CC=C(C=C1)C(=O)OCCN(CC)CC,-2.71
CCCCOC(=O)C1=CC=C(O)C=C1,-2.72
OC(=O)C1=CC=CC=C1I,-2.73
CCC1=CC=CC(C)=C1N(C(C)COC)C(=O)CCl,-2.73
CCCCCCl,-2.73
CN1C(=O)NC(=O)C(C)(C1=O)C1=CCCCC1,-2.74
CCCCCCCCC(O)=O,-2.75
NC1=C(Cl)C(=NC(Cl)=C1Cl)C(O)=O,-2.75
COC1=CC2=C(C=C1)N=CC=C2C(O)C1CC2CCN1CC2C=C,-2.76
S=C1NC=NC2=C1N=CC=N2,-2.77
C1=CC2=C(C=C1)C1=C(C=CC=C1)N=C2,-2.78
CC1=CC(O)=CC(C)=C1Cl,-2.8
CC1=C(C)C=CC=C1,-2.8
O=C(CN1C=CN=C1N(=O)=O)NCC1=CC=CC=C1,-2.81
CN1C(=O)ON(C1=O)C1=CC=C(Cl)C(Cl)=C1,-2.82
CC1=CC(C)=CC=C1,-2.82
CCC1C2CC3C4N(C)C5=C(C=CC=C5)C44CC(C2C4O)N3C1O,-2.82
NC1=CC=C(C=C1)S(=O)(=O)C1=CC=C(N)C=C1,-2.82
CC(=O)NC1=CC=C(Cl)C=C1,-2.84
CC1=NC(NS(=O)(=O)C2=CC=C(N)C=C2)=NC=C1,-2.85
NC(CC1=CC(I)=C(O)C(I)=C1)C(O)=O,-2.86
CC1C2C(O)C3C(N(C)C)C(O)=C(C(N)=O)C(=O)C3(O)C(O)=C2C(=O)C2=C1C=CC=C2O,-2.87
NC1=C(Cl)C(=O)N(N=C1)C1=CC=CC=C1,-2.87
CN(C)C1C2CC3C(=C(O)C2(O)C(=O)C(C(N)=O)=C1O)C(=O)C1=C(C(Cl)=CC=C1O)C3(C)O,-2.88
CN(C)C(=O)NC1=CC=C(Cl)C=C1,-2.89
CC(C)CCBr,-2.89
CC1=NOC(NS(=O)(=O)C2=CC=C(N)C=C2)=C1C,-2.91
OC1=CC=CC2=C1C=CC=C2O,-2.92
COC1=CC=C(CC=C)C=C1,-2.92
NC(=O)C1=CC=CC=C1C(N)=O,-2.92
COC1=CC(O)=C2C(=O)C3=CC(O)=CC=C3OC2=C1,-2.93
COC1=CC(NS(=O)(=O)C2=CC=C(N)C=C2)=NC(OC)=N1,-2.96
CN(C)C(=O)C(C1=CC=CC=C1)C1=CC=CC=C1,-2.98
CCOC(=O)C=CC1=CC=CC=C1,-3.0
CCC1(C(=O)NC(=O)NC1=O)C1=CCCCCC1,-3.0
OC(=O)CCl,0.93
CCCCCCCCCO,-3.01
CN(C)C(=O)NC1CC2CC1C1CCCC21,-3.01
CCCCCC#C,-3.01
CCCCC1=C(O)N=C(NCC)N=C1C,-3.02
CCN(CC)C1=CC=CC=C1,-3.03
CC(C)CC1=CC=C(C=C1)C(C)C(=O)NO,-3.04
NS(=O)(=O)C1=CC2=C(C=C1Cl)N=CNS2(=O)=O,-3.05
OC(C1CC2CCN1CC2C=C)C1=CC=NC2=C1C=CC=C2,-3.07
CCCCCBr,-3.07
OC1=CC=C(C(O)=C1)C1=C(O)C(=O)C2=C(O)C=C(O)C=C2O1,-3.08
O[C@H]([C@H]1C[C@@H]2CCN1C[C@@H]2C=C)C1=CC=NC2=CC=CC=C12,-3.09
CC1C2CCC3(C)C=CC(=O)C(C)=C3C2OC1=O,-3.09
CCC1=CC=C(C)C=C1,-3.11
CC12CC(=O)C3C(CCC4=CC(=O)CCC34C)C1CCC2(O)C(=O)CO,-3.11
CCCCCCCl,-3.12
CN(C)C1C2CC3C(=C(O)C2(O)C(=O)C(C(N)=O)=C1O)C(=O)C1=C(C=CC=C1O)C3(C)O,-3.12
CCCCN(CCCC)CCCC,-3.12
FC(F)(Cl)C(F)(F)Cl,-3.12
C=CCOC(=O)C1=CC=CC=C1C(=O)OCC=C,-3.13
COC1=CC=C(C=CC)C=C1,-3.13
FC1=CC=C(I)C=C1,-3.13
CN(C)C1C2C(O)C3C(=C(O)C2(O)C(=O)C(C(N)=O)=C1O)C(=O)C1=C(C=CC=C1O)C3(C)O,-3.14
BrC(Br)(Br)Br,-3.14
COC1=CC=C2C(OC(=O)C2=C1OC)C1N(C)CCC2=CC3=C(OCO3)C(OC)=C12,-3.14
CC1=C(SCCO1)C(=O)NC1=CC=CC=C1,-3.14
CCNC1=NC(Cl)=NC(NC(C)(C)C#N)=N1,-3.15
O=C(NC1=CC=CC=C1)NC1=CC=CC=C1,-3.15
OC1=CC=CC=C1C(=O)OC1=CC=CC=C1,-3.15
CCN(CC)CCNC(=O)C1=C(OC)C=C(N)C(Cl)=C1,-3.18
SC1=NC2=C(S1)C=CC=C2,-3.18
CCCCC,-3.18
CC1=CC=CC(C)=C1C,-3.2
ClC1=CC=CC(Br)=C1,-3.21
CCC1=CC=CC=C1C,-3.21
OC(=O)C(C1=CC=CC=C1)C1=CC=CC=C1,-3.22
IC=CI,-3.22
CCCCC=C,-3.23
NC1=CC=C(Cl)C(Cl)=C1,-3.24
CC(=O)NC1=C(C)C=C(C)C(NS(=O)(=O)C(F)(F)F)=C1,-3.24
CC(=O)NC1=CC=C(I)C=C1,-3.25
CCC1=CC=CC(CC)=C1N(COC)C(=O)CCl,-3.26
CCCCCOC(=O)C1=CC=C(N)C=C1,-3.26
COC(=O)C1=C(Cl)C(N)=CC(Cl)=C1,-3.26
CCCCCNCCOC(=O)C1=CC=C(N)C=C1,-3.27
OC(=O)C1=CC(I)=CC=C1,-3.27
CC1=CCCCC1,-3.27
CC(C)C1=CC=CC=C1,-3.27
COC1=NN=C(NS(=O)(=O)C2=CC=C(N)C=C2)C=C1,-3.28
CNC(=O)OC1=CC=CC2=C1C=CC=C2,-3.28
CC1CCCC1,-3.3
CC1=C(C=CO1)C(=O)NC1=CC=CC=C1,-3.3
OC(=O)C1=CC(I)=CC(I)=C1O,-3.31
OC(=O)C1=CC=C(Cl)C=C1,-3.31
CCCCCCCCC(C)=O,-3.31
CC1=CC=C(C)C(C)=C1,-3.31
O=C1CC2OCC=C3CN4CCC56C4CC3C2C5N1C1=C6C=CC=C1,-3.32
OC1=C(Br)C=C(C=C1Br)C#N,-3.33
CCOP(=S)(OCC)N1C(=O)C2=CC=CC=C2C1=O,-3.35
C1=CC2=C(C=C1)C1=C(C=C2)N=CC=C1,-3.36
CCCC(C)C1(CC)C(=O)NC(=S)NC1=O,-3.36
CC(CCC(O)=O)C1CCC2C3C(O)CC4CC(O)CCC4(C)C3CC(O)C12C,-3.37
CCN1C=C(C(O)=O)C(=O)C2=CC=C(C)N=C12,-3.37
COC1=CC2=C(C=CN=C2C=C1)[C@H](O)[C@H]1C[C@@H]2CCN1C[C@@H]2C=C,-3.37
CCCC1=CC=CC=C1,-3.37
OC(CN1C=NC=N1)(C1=CC=C(F)C=C1)C1=C(F)C=CC=C1,-3.37
CCCCCCCC(=O)OC,-3.39
CCN(CC)C(=S)SCC(Cl)=C,-3.39
CCCCNC(=O)NS(=O)(=O)C1=CC=C(C)C=C1,-3.39
CN(C)CCC=C1C2=C(COC3=C1C=CC=C3)C=CC=C2,-3.4
OC(=O)CCCCCCCCC=C,-3.4
CC1=CC(C)=CC(C)=C1,-3.4
CC12CC(O)C3(F)C(CCC4=CC(=O)CCC34C)C1CCC2(O)C(=O)CO,-3.43
CN(C)C(=O)NC1=CC(=CC=C1)C(F)(F)F,-3.43
CCCCCCCCCC(O)=O,-3.44
CCCC(C)C1(CC=C)C(=O)NC(=S)NC1=O,-3.46
CC12CC(=O)C3C(CCC4=CC(=O)CCC34C)C1CCC2=O,-3.48
CCCCOC(=O)C1=CC=CC=C1,-3.48
OC1=CC=C(C=C1)C1=CC=CC=C1,-3.48
BrC1=CC=CC=C1Br,-3.5
NC1=CC=C(C=C1)S(=O)(=O)NC1=NC=CC=N1,-3.51
N(C1=CC=CC=C1)C1=CC=CC=C1,-3.51
C1CCCCCC1,-3.52
CON(C)C(=O)NC1=CC(Cl)=C(Cl)C=C1,-3.52
CC1=CC(Br)=CC=C1,-3.52
CC1=CC=CC=C1Cl,-3.52
O=N(=O)C1=CC=CC2=C1C=CC=C2,-3.54
CCC(C)(C)C,-3.55
CCN(CC)C(=O)C(C)OC1=CC=CC2=C1C=CC=C2,-3.57
CC(=O)N(C1=C(C)C(C)=NO1)S(=O)(=O)C1=CC=C(N)C=C1,-3.59
NS(=O)(=O)C1=C(C=C2NC(CC3=CC=CC=C3)NS(=O)(=O)C2=C1)C(F)(F)F,-3.59
ClC1=CC(Cl)=C(Cl)C=C1,-3.59
OC1=CC=CC=C1C(=O)NC1=CC=CC=C1,-3.59
C1=CC2=C(C=C1)C=CC=C2,-3.6
OC1N=C(C2=CC=CC=C2Cl)C2=CC(Cl)=CC=C2NC1=O,-3.6
OC1=C(I)C=C(C=C1I)C#N,-3.61
CC(C)(C)C(=O)C(OC1=CC=C(Cl)C=C1)N1C=NC=N1,-3.61
CCCCCCCCCCO,-3.63
ClC1=CC=C(Br)C=C1,-3.63
CC1CC2C3CCC4=CC(=O)C=CC4(C)C3(F)C(O)CC2(C)C1(O)C(=O)CO,-3.64
CC(CCC(O)=O)C1CCC2C3C(O)CC4CC(O)CCC4(C)C3CCC12C,-3.64
CNCCCN1C2=C(CCC3=C1C=CC=C3)C=CC=C2,-3.66
CCCCCCC#C,-3.66
ClC(Cl)(Cl)C(Cl)(Cl)Cl,-3.67
OC(=O)CCCOC1=C(Cl)C=C(Cl)C=C1,-3.67
CC1=CC2=C(C=C1C)N(CC(O)C(O)C(O)CO)C1=NC(=O)NC(=O)C1=N2,-3.68
CC1=CC=C(C=C1)S(=O)(=O)NC(=O)NN1CCCCCC1,-3.68
CC12CC(O)C3(F)C(CCC4=CC(=O)C=CC34C)C1CC(O)C2(O)C(=O)CO,-3.69
CC12CCC3C(CCC4=CC(=O)CCC34C)C1CCC2=O,-3.69
CC(C(O)=O)C1=CC(=CC=C1)C(=O)C1=CC=CC=C1,-3.7
OCCN(CCO)C1=CC=CC=C1,-0.73
NC1=CC=C(C=C1)S(=O)(=O)NC1=CN=CC=N1,-3.7
CCC(=O)N(C1=CC=CC=C1)C1(COC)CCN(CCC2=CC=CS2)CC1,-3.71
CCCCC1C(=O)N(N(C1=O)C1=CC=C(O)C=C1)C1=CC=CC=C1,-3.73
CCCC(C)C,-3.74
CCC1=CC=C(CC)C=C1,-3.75
O=NN(C1=CC=CC=C1)C1=CC=CC=C1,-3.75
COC(=O)C(Cl)CC1=CC=C(Cl)C=C1,-3.77
CC1=CC2=C(C=CC=C2)C=C1,-3.77
CCOC1=CC=C2N=C(SC2=C1)S(N)(=O)=O,-3.81
COC1=CC(CC2=CN=C(N)N=C2N)=CC(OC)=C1OC,-2.86
CN(C)C(=O)NC1=CC(OC(=O)NC(C)(C)C)=CC=C1,-2.93
CCCCI,-2.96
CCC(=O)NC1=CC(Cl)=C(Cl)C=C1,-3.0
CCNC1=NC(SC)=NC(NC(C)C)=N1,-3.04
CCCCNC(=O)NS(=O)(=O)C1=CC=CC=C1,-3.05
ClC1=C(Cl)C=CC=C1,-3.05
CCOC1OC2=CC=C(OS(C)(=O)=O)C=C2C1(C)C,-3.42
CC1NC2=CC(Cl)=C(C=C2C(=O)N1C1=CC=CC=C1C)S(N)(=O)=O,-3.78
CC1=CC=CC(C)=C1NC(=O)C1=CC(=C(Cl)C=C1O)S(N)(=O)=O,-3.79
CN1C2=CC=C(C=C2C(=NCC1=O)C1=CC=CC=C1)N(=O)=O,-3.8
NC1=CC=CC=C1Cl,-1.52
CC1=CNC(=O)NC1=O,-1.52
ClC(Cl)Br,-1.54
NS(=O)(=O)C1=CC=CC=C1,-1.56
CC(C)Br,-1.59
NC(=O)NC1NC(=O)NC1=O,-1.6
CCI,-1.6
CCCCC(C)(O)CC,-1.6
NC(CC1=CC=C(O)C(O)=C1)C(O)=O,-1.6
CC(=O)C1=CC=C(N)C=C1,-1.61
CC(=O)CC(=O)C(C)(C)C,-1.63
CCCC#C,-1.64
COC(=O)NS(=O)(=O)C1=CC=C(N)C=C1,-1.66
COC(=O)C1=CC=CC=C1C(=O)OC,-1.66
OC(=O)CNC(=O)C1=CC=CC=C1,-1.68
CCCCC(CC)CN,-1.71
CCNC(=O)C(C)OC(=O)NC1=CC=CC=C1,-1.83
OCC(O)C1OC2OC(OC2C1O)C(Cl)(Cl)Cl,-1.84
CCCCCCCN,-1.85
COC(=O)C1=CC=CC=C1,-1.85
CC1(C)C2CCC(C)(C2)C1=O,-1.85
ClCCCBr,-1.85
C=CC=C,-1.87
O=C1OC2=CC=CC=C2C=C1,-1.89
OC(=O)C1=CC=CC=C1Cl,-1.89
CC(=O)NC1=CC=CC=C1N(=O)=O,-1.91
ClCC(Cl)CCl,-1.92
NC1=CC=CC2=C1C=CC=C2,-1.92
CC1=NC2=C(C=CC=C2)C(C)=C1,-1.94
NC1=NC=NC2=C1C=CN2C1OC(CO)C(O)C1O,-1.95
CC1=NC2=C(N1)C=CC=C2,-1.96
COC1=CC=CC=C1O,-1.96
ClC=C(Cl)Cl,-1.96
FC1=CC=C(F)C=C1,-1.97
CC(C)=CCCC(C)(O)C=C,-1.99
NC(=N)NS(=O)(=O)C1=CC=C(N)C=C1,-1.99
CC1(C)C2CCC1(C)C(=O)C2,-1.99
CCCCCC(=O)OC,-2.0
CC(C)CCl,-2.0
FC1=CC(F)=CC=C1,-2.0
CC(=C)C=C,-2.03
COC1=C(O)C=CC(=C1)C(O)=O,-2.05
CC(C)=CCCC(C)=CC=O,-2.06
C=CCC1(CC=C)C(=O)NC(=O)NC1=O,-2.06
CC1=CC=CC2=C1N1C=NN=C1S2,-2.07
BrCCCBr,-2.08
CNC(=O)ON=C1C(Cl)C2CC(C#N)C1C2,-2.08
CCSCC1=CC=CC=C1OC(=O)NC,-2.09
COCCOC1=C(OC)C=C(CC2=CN=C(N)N=C2N)C=C1OC,-2.1
C1CC=CC1,-2.1
OCC(NC(=O)C(Cl)Cl)C(O)C1=CC=C(C=C1)N(=O)=O,-2.11
CCCC1=CC(=O)NC(=S)N1,-2.15
CC(Br)CBr,-2.15
N1N=CC2=C1C=CC=C2,-2.16
CC1CCC(CC1=O)C(C)=C,-2.18
CCCCS,-2.18
OC1=C(Cl)C=C(Cl)C(Cl)=C1,-2.21
OC1(C(=O)NC(=O)NC1=O)C1(O)C(=O)NC(=O)NC1=O,-1.99
O=C(NC(=O)C1=CC=CC=C1)C1=CC=CC=C1,-2.27
CC1=CC(C)=NC(NS(=O)(=O)C2=CC=C(N)C=C2)=N1,-2.27
CCCN(CCC)CCC,-2.28
OC(=O)C1=CC=CC=C1C1=C(C=CC=C1)C(O)=O,-2.28
OC(=O)COC1=CC=C(Cl)C=C1,-2.29
O=C1NC=NC2=C1NC=N2,-2.29
BrC1CCCCC1,-2.3
NC1=CC=C(CC2=CC=C(N)C=C2)C=C1,-2.3
CCCCCC(=O)OCC,-2.31
CC1=CC=CC=C1N(=O)=O,-2.33
CCOC1=CC=CC=C1,-2.33
CNC(=O)OC1=CC(=CC=C1)N=CN(C)C,-2.34
CNC(=O)OC1=CC=C(N(C)C)C(C)=C1,-2.36
CC(=O)NC1=NN=C(S1)S(N)(=O)=O,-2.36
NC1=CC=C(C=C1)N(=O)=O,-2.37
FC1=CC(F)=C(F)C=C1F,-2.38
CC1=CSC=C1,-2.39
CCCCCCCCO,-2.39
COC1=C2OC(C)=CC(=O)C2=C(OC)C2=C1OC=C2,-2.4
CC(C)(C)C1=CC=C(O)C=C1,-2.41
OC1=CC=CC2=C1N=CC=C2,-2.42
CCCCCCOC(C)=O,-2.46
CC(C)C1CCC(C)CC1=O,-2.49
CC1=CC=C(C=C1)N(=O)=O,-2.49
CCC(C)(C)Cl,-2.51
OC(CC1=CC=CC=C1)C1=CC=CC=C1,-2.52
CC(C)C1CCC(C)CC1O,-2.53
ClC(Cl)=C(Cl)Cl,-2.54
BrC1=CC=CC=C1,-2.55
OC(C1=CC=CC=C1)C1=CC=CC=C1,-2.55
CON(C)C(=O)NC1=CC=C(Cl)C=C1,-2.57
CCC(N)CC1=CNC2=C1C=CC=C2,-2.57
NC(CC1=CC=C(O)C=C1)C(O)=O,-2.57
CCCCCCC1=C(O)C=C(O)C=C1,-2.59
CCCCC(=O)CCCC,-2.59
CC1(C)N(Cl)C(=O)N(Cl)C1=O,-2.6
CC1=CC=C(C=C1)C(O)=O,-2.6
O=C1NC(=O)C2=CC=CC=C12,-2.61
CCC1CN2CCC1CC2C(O)C1=CC=NC2=C1C=CC=C2,-2.63
CCC(Cl)CC,-2.63
CCC1(C(=O)NC(=O)NC1=O)C1=CC2CCC(C2)C1,-2.64
CCC1(C(=O)NCNC1=O)C1=CC=CC=C1,-2.64
CCCOC(=O)C1=CC=CC=C1,-2.67
NS(=O)(=O)C1=C(Cl)C=C2NC(NS(=O)(=O)C2=C1)C(Cl)Cl,-2.68
CCC(Br)(CC)C(=O)NC(N)=O,-2.68
OC1=CC2=C3C4=C(OCC3(O)CC2=CC1=O)C(O)=C(O)C=C4,-2.7
NC1=CC=C(C=C1)S(=O)(=O)NC1=CC=CC=N1,-2.7
S=C1NC2=NC=NC=C2N=C1,-2.71
CCCCCCCCN,-2.75
CCC1=CC=CC=C1,-2.77
CC1=CC=C(C)C=C1,-2.77
OC1=C(O)C2=C(C=C1)C(=O)C1=CC=CC=C1C2=O,-2.78
IC1=CC=CC=C1,-2.78
OC(=O)C1=CC=C(C=C1)N(=O)=O,-2.8
CC1=CN=C(NS(=O)(=O)C2=CC=C(N)C=C2)N=C1,-2.82
CC(C)(C1=CC=C(O)C=C1)C1=CC=C(O)C=C1,-2.82
C=CC1=CC=CC=C1,-2.82
OC(C(=O)C1=CC=CC=C1)C1=CC=CC=C1,-2.85
CN(C)C=NC1=C(C)C=C(Cl)C=C1,-2.86
CNC1=CC=CC=C1C(O)=O,-2.88
N(NC1=CC=CC=C1)C1=CC=CC=C1,-2.92
OC(=O)COC1=CC(Cl)=C(Cl)C=C1Cl,-2.96
CC12CC(O)C3C(CCC4=CC(=O)CCC34C)C1CCC2(O)C(=O)CO,-2.97
CCN1C=C(C(O)=O)C(=O)C2=C1N=C(N=C2)N1CCNCC1,-2.98
CC1CC2C3CCC(O)(C(=O)CO)C3(C)CC(O)C2C2(C)C=CC(=O)C=C12,-2.99
CCCNC(=O)NS(=O)(=O)C1=CC=C(Cl)C=C1,-3.03
CC1=CC(=O)C2=CC=CC=C2C1=O,-3.03
FC(F)(Cl)C(F)(Cl)Cl,-3.04
ClC1=CC(Cl)=CC=C1,-3.04
C1CC2=CC=CC=C2C1,-3.04
CC(=O)NC1=CC=C(Br)C=C1,-3.08
CC1=CC=C(Cl)C=C1,-3.08
OC(=O)CC1=C(Cl)C=CC(Cl)=C1Cl,-3.08
C1CCCCC1,-3.1
O=C(C1=CC=CC=C1)C1=CC=CC=C1,-3.12
NC1=C(Br)C(=O)N(N=C1)C1=CC=CC=C1,-3.12
CC(C)CCOC(=O)C1=CC=CC=C1O,-3.16
CCCCCCCCC=O,-3.17
CC1=CC=C(Br)C=C1,-3.19
ClC1=CC=CC=C1Br,-3.19
CC1OC(OC2CC3OC(O)(CC(O)C3C(O)=O)CC(O)CC3OC3C=CC(=O)OC(C)CC=CC=CC=CC=C2)C(O)C(N)C1O,-3.21
CC12CC(O)C3C(CCC4=CC(=O)C=CC34C)C1CCC2(O)C(=O)CO,-3.21
O=C1NCCN1C1=NC=C(S1)N(=O)=O,-3.22
CC(C)CC=C,-3.24
ClC1=CC=C(Cl)C=C1,-3.27
CC(=O)CCC1C(=O)N(N(C1=O)C1=CC=CC=C1)C1=CC=CC=C1,-3.27
CN1CCC23C4OC5=C(O)C=CC(CC1C2C=CC4O)=C35,-3.28
CCC1NC(=O)C2=CC(=C(Cl)C=C2N1)S(N)(=O)=O,-3.29
CCCCCCCCOC(N)=O,-3.3
CCCCN(CC)C(=O)SCCC,-3.35
CCC(C)C1=CC(=CC(=C1O)N(=O)=O)N(=O)=O,-3.38
CC(C)OC(=O)NC1=CC=CC(Cl)=C1,-3.38
CCCCCCCC(=O)OCC,-3.39
CCSC(=O)N(CC)C1CCCCC1,-3.4
O=C(C=CC=CC1=CC2=C(OCO2)C=C1)N1CCCCC1,-3.46
IC1=C(I)C(I)=C(I)N1,-3.46
BrC1=CC(Br)=CC=C1,-3.54
CC(C)C1=CC=C(NC(=O)N(C)C)C=C1,-3.54
CCCCCCCCCCC(O)=O,-3.55
CC12CC(O)C3C(CCC4CC(O)CCC34C)C1CCC2=O,-3.59
OC1=CC(O)=C2C(=O)CC(OC2=C1)C1=CC(O)=C(O)C=C1,-3.62
COC1=C2OC(=O)C=CC2=CC2=C1OC=C2,-3.66
CCOC(=O)C(C1=C(O)C2=CC=CC=C2OC1=O)C1=C(O)C2=CC=CC=C2OC1=O,-3.66
NS(=O)(=O)C1=C(Cl)C=C(NCC2=CC=CO2)C(=C1)C(O)=O,-3.66
CC(C)(C)C1=CC=CC=C1,-3.66
C1=CC2=CC3=C(C=CC=C3)N=C2C=C1,-3.67
CCC(C)CC,-3.68
CCSC(=O)N(CC(C)C)CC(C)C,-3.68
COP(=S)(OC)OC1=CC=C(C=C1)N(=O)=O,-3.68
CC1=CC2=C(C=C1)N=C(S2)C1=CC=C(N)C=C1,-3.68
CCCCOC1=CC(C(=O)NCCN(CC)CC)=C2C=CC=CC2=N1,-3.7
CC1=CC=CC2=C1C=CC=C2,-3.7
CC(C)(C)C1=NN=C(NS(=O)(=O)C2=CC=C(N)C=C2)S1,-3.74
CC12CCC3C(CCC4=CC(=O)CCC34C)C1CCC2C(=O)CO,-3.75
ClC1=NC(=CC=C1)C(Cl)(Cl)Cl,-3.76
CC(C)C1=CC=C(C)C=C1,-3.77
C[C@H]1C[C@H]2[C@@H]3CCC4=CC(=O)C=C[C@]4(C)[C@@]3(F)[C@@H](O)C[C@]2(C)[C@@]1(O)C(=O)CO,-3.77
CC1=C(C)C(NC2=C(C=CC=C2)C(O)=O)=CC=C1,-3.78
O=C1CN=C(C2=CC=CC=C2)C2=CC(=CC=C2N1)N(=O)=O,-3.8
CCCCCCCCC(=O)OCC,-3.8
CC(C)C1=CC2=CCC3C(C)(CCCC3(C)C(O)=O)C2CC1,-3.8
CC1=CC(=CC=C1NS(=O)(=O)C(F)(F)F)S(=O)(=O)C1=CC=CC=C1,-3.8
CCCCC=CC,-3.82
CCCCCC,-3.84
C[C@]12CCC(=O)C=C1CC[C@H]1[C@@H]3CC[C@H](C(=O)CO)[C@]3(C[C@H](O)[C@H]21)C=O,-3.85
CC1CCCCC1,-3.85
COC(=O)NC1=NC2=C(N1)C=C(C=C2)C(=O)C1=CC=CC=C1,-3.88
CC(=O)CC(C1=CC=CC=C1)C1=C(O)C2=CC=CC=C2OC1=O,-3.89
CN(C)C(=S)SSC(=S)N(C)C,-3.9
CC(C#C)N(C)C(=O)NC1=CC=C(Cl)C=C1,-3.9
CN1C2=CC=CC=C2SC2=C1C=C(CC(O)=O)C=C2,-3.94
CC(CCC(O)=O)C1CCC2C3CCC4CC(O)CCC4(C)C3CC(O)C12C,-3.95
O(C1=CC=CC=C1)C1=CC=CC=C1,-3.96
CCCCCCCCl,-3.99
CC1(O)CCC2C3CCC4=CC(=O)CCC4(C)C3CCC12C,-3.99
CC1=CC(C)=C(C)C(C)=C1C,-4.0
CC(=O)OCC(=O)C1(O)CCC2C3CCC4=CC(=O)CCC4(C)C3C(=O)CC12C,-4.0
ClC1=CC=CC(Cl)=C1Cl,-4.0
COP(=S)(OC)OC1=CC(C)=C(C=C1)N(=O)=O,-4.04
CCCCC1=CC=CC=C1,-4.06
BrC1=CC=C(Br)C=C1,-4.07
CSC1=NC(NC(C)C)=NC(NC(C)C)=N1,-4.1
CCOP(=S)(OCC)SCSCC,-4.11
COC1=CC=C2C(OC(=O)C2=C1OC)C1N(C)CCC2=C1C=C1OCOC1=C2,-4.11
CC(=O)OCC(=O)C1(O)C(CC2C3CCC4=CC(=O)C=CC4(C)C3(F)C(O)CC12C)OC(C)=O,-4.13
C1CCCCCCC1,-4.15
CN1C(C(=O)NC2=NC=CC=C2)=C(O)C2=CC=CC=C2S1(=O)=O,-4.16
OC(=O)C1=CC=CN=C1NC1=CC=CC(=C1)C(F)(F)F,-4.17
ClC(Cl)=CC(Cl)=C(Cl)Cl,-4.23
CC(CN1C2=C(SC3=C1C=CC=C3)C=CC=C2)N(C)C,-4.26
CC(=O)SC1CC2=CC(=O)CCC2(C)C2CCC3(C)C(CCC33CCC(=O)O3)C12,-4.28
OC1=C(Cl)C(Cl)=C(Cl)C(Cl)=C1Cl,-4.28
C[C@H](CCC(O)=O)[C@H]1CC[C@H]2[C@@H]3[C@@H](O)C[C@@H]4C[C@H](O)CC[C@]4(C)[C@H]3CC[C@]12C,-4.29
CCC1=CC2=C(C=CC=C2)C=C1,-4.29
CC12CCC3C(CCC4=C3C=CC(O)=C4)C1CCC2(O)C#C,-4.3
CN(C)CCCN1C2=C(SC3=C1C=CC=C3)C=CC=C2,-4.3
COP(=S)(OC)OC1=C(Cl)C=C(C=C1)N(=O)=O,-4.31
CC1(C)OC2CC3C4CCC5=CC(=O)C=CC5(C)C4(F)C(O)CC3(C)C2(O1)C(=O)CO,-4.32
S1C2=C(C=CC=C2)C2=C1C=CC=C2,-4.38
OC(C1=CC=C(Cl)C=C1)(C1=CN=CN=C1)C1=C(Cl)C=CC=C1,-4.38
COC1=C(OC)C=C2C3C(COC2=C1)OC1=C(C=CC2=C1CC(O2)C(C)=C)C3=O,-4.42
CCC(C(CC)C1=CC=C(O)C=C1)C1=CC=C(O)C=C1,-4.43
OC1(CCN(CCCC(=O)C2=CC=C(F)C=C2)CC1)C1=CC=C(Cl)C=C1,-4.43
CCCCCCCBr,-4.43
CN(C)CCC=C1C2=CC=CC=C2CCC2=C1C=CC=C2,-4.46
CC(=O)OC1=C(C=C(C(C)=C1N(=O)=O)N(=O)=O)C(C)(C)C,-4.47
ClC1=CC(Cl)=CC(Cl)=C1,-4.48
CC1CCC(C)(C)C1,-4.48
CN1CCN(CCCN2C3=C(SC4=C2C=C(C=C4)C(F)(F)F)C=CC=C3)CC1,-4.52
CC(C)OC(=O)C(O)(C1=CC=C(Cl)C=C1)C1=CC=C(Cl)C=C1,-4.53
COP(=S)(OC)OC1=CC(C)=C(SC)C=C1,-4.57
CC(C)(C)C(=O)OCC(=O)C1(O)CCC2C3CCC4=CC(=O)C=CC4(C)C3C(O)CC12C,-4.58
O=C1OC(=NC2=CC=CC=C12)C1=CC=CC=C1,-4.61
C(CC1=CC=CC=C1)C1=CC=CC=C1,-4.62
CC(=O)OCC(=O)C1CCC2C3CCC4=CC(=O)CCC4(C)C3CCC12C,-4.63
CC(=O)C1CCC2C3CC=C4CC(O)CCC4(C)C3CCC12C,-4.65
CC1=CC2=C(C=CC=C2)C=C1C,-4.72
OC1=C2C=CC=CC2=CC2=C1C=CC=C2,-4.73
CC(=O)OC1(CCC2C3CCC4=CC(=O)CCC4C3CCC12C)C#C,-4.79
COP(=S)(OC)OC1=C(Cl)C=C(Cl)C(Cl)=N1,-4.82
CC12CCC3C(CCC4=C3C=CC(O)=C4)C1CCC2O,-4.84
CC(C)N(C(C)C)C(=O)SCC(Cl)=C(Cl)Cl,-4.88
CN(C)C(=O)NC1=CC=C(OC2=CC=C(Cl)C=C2)C=C1,-4.89
CC1=CC2=C(C=C1)C=C(C)C=C2,-4.89
ClC(Cl)=C(Cl)C(Cl)=C(Cl)Cl,-4.91
CCCN(CCC)C1=C(C=C(C=C1N(=O)=O)S(N)(=O)=O)N(=O)=O,-5.16
ClC1=CC=C(C=C1)C1=CC=CC=C1,-5.2
CCCCCCC1=CC=CC=C1,-5.21
CC12CCC3=C(C=CC4=C3C=CC(O)=C4)C1CCC2=O,-5.24
CC(C)=CC1C(C(=O)OCC2=CC=CC(OC3=CC=CC=C3)=C2)C1(C)C,-5.24
C1=CC2=C(C=C1)C1=C(C=CC=C1)C=C2,-5.26
CCOP(=S)(OCC)OC1=CC2=C(C=C1)C(C)=C(Cl)C(=O)O2,-5.38
OC1C=CC2C1C1(Cl)C(Cl)=C(Cl)C2(Cl)C1(Cl)Cl,-5.46
ClC1=C(Cl)C(C#N)=C(Cl)C(C#N)=C1Cl,-5.64
CCCN(CCC)C1=C(C=C(C=C1N(=O)=O)C(F)(F)F)N(=O)=O,-5.68
CCOP(=S)(OCC)SCSC1=CC=C(Cl)C=C1,-5.74
ClC1=CC=CC(=C1)C1=CC(Cl)=CC=C1,-5.8
CC1=C2C=CC=CC2=CC2=C1C=CC=C2,-5.89
C1CC2=CC=C3CCCC4=CC=C(C1)C2=C34,-5.96
ClC1=CC(=C(Cl)C=C1)C1=CC=CC=C1Cl,-6.02
COP(=S)(OC)OC1=CC(Cl)=C(Br)C=C1Cl,-6.09
ClC1=C(Cl)C2(Cl)C3C4CC(C5OC45)C3C1(Cl)C2(Cl)Cl,-6.18
ClC1=CC=C(C=C1)C1=CC=C(Cl)C=C1Cl,-6.21
ClC1C2OC2C2C1C1(Cl)C(Cl)=C(Cl)C2(Cl)C1(Cl)Cl,-6.29
CC1(C)C(C=C(Cl)Cl)C1C(=O)OCC1=CC=CC(OC2=CC=CC=C2)=C1,-6.29
ClC1=CC=C(Cl)C(=C1Cl)C1=CC=CC=C1,-6.29
ClC1C=CC2C1C1(Cl)C(Cl)=C(Cl)C2(Cl)C1(Cl)Cl,-6.32
ClC1=CC=C(C(Cl)=C1)C1=CC=C(Cl)C=C1Cl,-6.51
ClC1=CC=C(C=C1)C(C1=CC=CC=C1Cl)C(Cl)(Cl)Cl,-6.62
CC1=CC=C(O)C=C1OP(=O)(OC1=CC=C(O)C=C1C)OC1=C(O)C=CC=C1C,-6.7
CCCCCCCCCCCCCCCC(O)=O,-6.81
COC1=CC=C(C=C1)C(C1=CC=C(OC)C=C1)C(Cl)(Cl)Cl,-6.89
CCCCC(CC)COC(=O)C1=CC=CC=C1C(=O)OCC(CC)CCCC,-6.96
ClC1=CC=C(Cl)C(=C1)C1=CC(Cl)=CC=C1Cl,-7.0
ClC1=CC=CC(=C1Cl)C1=C(Cl)C(Cl)=C(Cl)C=C1,-7.05
ClC1=C(Cl)C(Cl)=C(Cl)C(=C1)C1=CC=CC=C1,-7.16
CCCCCCCCCCCCCCCCO,-7.26
ClC1=C(Cl)C2(Cl)C3C4CC(C=C4)C3C1(Cl)C2(Cl)Cl,-7.33
C1=CC2=C(C=C1)C1=C3C(C=CC4=C3C2=CC=C4)=CC=C1,-7.8
ClC1=CC=C(Cl)C(=C1)C1=CC=C(Cl)C(Cl)=C1Cl,-7.91
C1C2=CC3=C(C=CC=C3)C=C2C2=C1C=CC=C2,-8.04
C1=CC2=C(C=C1)C1=C(C=C2)C2=C(C=CC=C2)C=C1,-8.06
ClC1=CC=C(C(Cl)=C1Cl)C1=C(Cl)C(Cl)=C(Cl)C=C1Cl,-8.3
ClC1=CC=C(C(Cl)=C1Cl)C1=CC(Cl)=C(Cl)C=C1Cl,-8.32
ClC1=C(Cl)C(=CC=C1)C1=CC(Cl)=C(Cl)C(Cl)=C1Cl,-8.42
C1=CC2=CC3=C(C=C2C=C1)C1=C2C3=CC=CC2=CC=C1,-8.49
C1=CC2=CC3=CC4=C(C=CC=C4)C=C3C=C2C=C1,-8.6
ClC1=CC=C(Cl)C(=C1Cl)C1=C(Cl)C=CC(Cl)=C1Cl,-8.65
C1=CC2=C(C=C1)C1=CC3=C(C=C1C=C2)C1=C(C=CC=C1)C=C3,-8.66
C1=CC2=C3C(=C1)C1=CC=CC4=C1C1=C(C=C4)C=CC(C=C2)=C31,-9.03
ClC1=C(Cl)C(Cl)=C(Cl)C(=C1)C1=C(Cl)C(Cl)=C(Cl)C(Cl)=C1Cl,-10.26
ClC1=CC(Cl)=C(Cl)C(=C1Cl)C1=C(Cl)C(Cl)=C(Cl)C(Cl)=C1Cl,-10.41
ClC1=CC(=C(Cl)C=C1)C1=CC(Cl)=C(Cl)C=C1Cl,-7.89
CCOC(=O)C1=CC=C(N)C=C1,-2.32
CC(=O)OC1=C(C=CC=C1)C(O)=O,-1.61
CN1C2=C(N=CN2)C(=O)N(C)C1=O,-1.37
CN1N(C(=O)C=C1C)C1=CC=CC=C1,0.39
CCNC1=NC(NC(C)C)=NC(Cl)=N1,-3.55
CCC1(C(=O)NC(=O)NC1=O)C1=CC=CC=C1,-2.34
CN(C)C(=O)NC1=CC(Cl)=C(Cl)C=C1,-3.76
O=C1CN(N=CC2=CC=C(O2)N(=O)=O)C(=O)N1,-3.38
O=C1NC(=O)C(N1)(C1=CC=CC=C1)C1=CC=CC=C1,-3.99
CN1C2=C(C=C(Cl)C=C2)C(=NCC1=O)C1=CC=CC=C1,-3.76
CC12CCC3C(CCC4=CC(=O)CCC34C)C1CCC2O,-4.07
CCOP(=S)(OCC)OC1=CC=C(C=C1)N(=O)=O,-4.29
CCOP(=S)(OCC)OC1=NC(=NC(C)=C1)C(C)C,-3.76
OC1=CC=C(C=C1)C1(OC(=O)C2=CC=CC=C12)C1=CC=C(O)C=C1,-2.9
CCOC(=O)CC(SP(=S)(OC)OC)C(=O)OCC,-3.36
CCOP(=S)(OCC)OC1=NC(Cl)=C(Cl)C=C1Cl,-5.67
CCCCCC(O)C=CC1C(O)CC(=O)C1CC=CCCCC(O)=O,-2.47
ClC1=CC=C(C=C1)C(C1=CC=C(Cl)C=C1)C(Cl)(Cl)Cl,-8.08
ClC1CC2C(C1Cl)C1(Cl)C(Cl)=C(Cl)C2(Cl)C1(Cl)Cl,-6.86
ClC1C(Cl)C(Cl)C(Cl)C(Cl)C1Cl,-4.6
CCCCC1C(=O)N(N(C1=O)C1=CC=CC=C1)C1=CC=CC=C1,-3.81
CCCCCCBr,-3.81
CC(CCC(O)=O)C1CCC2C3CC(O)C4CC(O)CCC4(C)C3CCC12C,-3.82
CCCCOC1=CC=C(C=C1)C(=O)OCCN(CC)CC,-3.84
CCC(C)C1=CC=CC=C1,-3.89
ClC1=CC=CC2=C1C=CC=C2,-3.93
CCCCCCOC(=O)C1=CC=C(N)C=C1,-3.95
OC1=CC=C(Cl)C=C1CC1=C(O)C=CC(Cl)=C1,-3.95
C1=CC2=CC=CC3=C2C1=CC=C3,-3.96
CC12CCC3C(CCC4=C3C=CC(O)=C4)C1CCC2=O,-3.96
CC1=CC=NC2=C1C=CC1=C2N=CC=C1C,-3.97
OC1CCN(CCCN2C3=CC=CC=C3SC3=C2C=C(C=C3)C#N)CC1,-3.98
CC(C)CC1=CC=C(C=C1)C(C)C(O)=O,-3.99
CCNC1=NC(NC(C)(C)C)=NC(SC)=N1,-4.0
CC(=C)C1CCC(C)=CC1,-4.0
COC1=C(Cl)C(Cl)=C(Cl)C(Cl)=C1O,-4.02
CNC1=C(Cl)C(=O)N(N=C1)C1=CC(=CC=C1)C(F)(F)F,-4.04
CCNC1=NC(=NC(Cl)=N1)N(CC)CC,-4.06
CC(C)N(C(C)C)C(=O)SCC(Cl)=CCl,-4.08
CC1=NN=C2CN=C(C3=CC=CC=C3Cl)C3=C(C=CC(Cl)=C3)N12,-4.08
CCCCCCCCCC(=O)OCC,-4.1
CC1CC2C3CCC(O)(C(C)=O)C3(C)CC(O)C2(F)C2(C)C=CC(=O)C=C12,-4.1
CC1CCCCC1NC(=O)NC1=CC=CC=C1,-4.11
CC(C)(C)C(=O)C1C(=O)C2=CC=CC=C2C1=O,-4.11
CC(C)CC1=CC=CC=C1,-4.12
CC12CCC3C(CC=C4CC(O)CCC34C)C1CCC2=O,-4.12
CC1=CC=C(C)C2=C1C=CC=C2,-4.14
ClC1=CC2=C(C=CC=C2)C=C1,-4.14
CCC(C)(C)C1=CC=CC=C1,-4.15
OCCN1CCN(CCCN2C3=C(SC4=C2C=C(C=C4)C(F)(F)F)C=CC=C3)CC1,-4.15
COC1=CC=C(OC2=CC=C(NC(=O)N(C)C)C=C2)C=C1,-4.16
COC1=CC=C2C=C(C=CC2=C1)C(C)C(O)=O,-4.16
CCCCC1=C(OS(=O)(=O)N(C)C)N=C(NCC)N=C1C,-4.16
OCCN1CCN(CCCN2C3=C(SC4=C2C=C(Cl)C=C4)C=CC=C3)CC1,-4.16
CC12CCC3C(CCC4CC(O)CCC34C)C1CCC2=O,-4.16
CCC1=CC=CC2=C1C=CC=C2,-4.17
C(C1=CC=CC=C1)C1=CC=CC=C1,-4.17
COC(=O)C1(O)C2=C(C=CC=C2)C2=C1C=C(Cl)C=C2,-4.18
CN(C)CCCN1C2=C(CCC3=C1C=CC=C3)C=CC=C2,-4.19
CCCCOCN(C(=O)CCl)C1=C(CC)C=CC=C1CC,-4.19
ClC(Cl)(Cl)C(NC=O)N1CCN(CC1)C(NC=O)C(Cl)(Cl)Cl,-4.19
CC(C)OP(=S)(OC(C)C)SCCNS(=O)(=O)C1=CC=CC=C1,-4.2
CC1=CC=C(C=C1)S(=O)(=O)NC(=O)NC1CCCCC1,-4.21
IC1=CC=CC=C1C(=O)NC1=CC=CC=C1,-4.21
COC1=CC=C2SC3=C(C=CC=C3)N(CC(C)CN(C)C)C2=C1,-4.22
NC1=CC=CC2=NC3=C(C=CC=C3)C=C12,-4.22
CCOP(=S)(OCC)SCCSCC,-4.23
CNC(=O)OC1=CC(=CC(=C1)C(C)(C)C)C(C)(C)C,-4.24
ClC1=CC=CC(Cl)=C1C#N,-4.24
CCCCCCCC#C,-4.24
CCC1CCCCC1,-4.25
CC(C)CC(C)C,-4.26
C[C@H]1CCCC[C@H]1C,-4.27
CC1=CC2=C(C=CC=C2)C(C)=C1,-4.29
CC(=O)OCC(=O)C1(O)CCC2C3CCC4=CC(=O)CCC4(C)C3C(O)CC12C,-4.3
COC1=C(CC=C(C)C)C2=C(C=CC(=O)O2)C=C1,-4.31
CCCCCCCCCCCCCCC(O)=O,-4.31
C1=CC=C(C=C1)C1=CC=CC=C1,-4.31
CC1CCCCC1C,-4.33
BrC1=CC=CC2=C1C=CC=C2,-4.35
CC(CCC(O)=O)C1CCC2C3CC(O)C4CC(O)CCC4(C)C3CC(O)C12C,-4.35
CCC(=C(CC)C1=CC=C(O)C=C1)C1=CC=C(O)C=C1,-4.35
OC(=O)C1=C(NC2=CC(=CC=C2)C(F)(F)F)C=CC=C1,-4.36
CC(=O)OCC(=O)C1(O)CCC2C3CCC4=CC(=O)C=CC4(C)C3C(O)CC12C,-4.37
ClCC#CCOC(=O)NC1=CC=CC(Cl)=C1,-4.37
C[C@]12CC[C@H]3[C@@H](CC[C@H]4C[C@H](O)CC[C@]34C)[C@@H]1CCC2=O,-4.4
BrC1=CC2=C(C=CC=C2)C=C1,-4.4
CN1CCN(CCCN2C3=C(SC4=C2C=C(Cl)C=C4)C=CC=C3)CC1,-4.4
CCCCOC(=O)C1=CC=CC=C1C(=O)OCCCC,-4.4
CC(C)NC1=NC(NC(C)C)=NC(Cl)=N1,-4.43
CN1C=C(C(=O)C(=C1)C1=CC(=CC=C1)C(F)(F)F)C1=CC=CC=C1,-4.44
CCCCCCC=C,-4.44
C1=CC=C(C=C1)N=NC1=CC=CC=C1,-4.45
CC(=O)OC1CCC2(C)C3CCC4(C)C(CCC4=O)C3CC=C2C1,-4.46
OC1=C(OC2=CC=C(Cl)C=C2Cl)C=CC(Cl)=C1,-4.46
CC1CCC(C)CC1,-4.47
CC(C(O)=O)C1=CC=C(C(F)=C1)C1=CC=CC=C1,-4.49
BrC1=CC=C(Br)C(Br)=C1,-4.5
ClC1C(Cl)C(Cl)C(Cl)C(Cl)C1Cl,-4.51
CCCCCCC,-4.53
ClC1=CC=CC=C1C1=CC=CC=C1,-4.54
CCNC1=NC(NCC)=NC(Cl)=N1,-4.55
ClC1=C(Cl)C(Cl)=C(Cl)C=C1,-4.57
CC12CCC3C(CCC4=CC(=O)CCC34)C1CCC2(O)C#C,-4.57
CCCCCCCOC(=O)C1=CC=C(N)C=C1,-4.6
S=C=NC1=CC=CC2=C1C=CC=C2,-4.6
O1C2=C(C=CC=C2)C2=C1C=CC=C2,-4.6
COC1=CC(OC)=C(Cl)C2=C1C(=O)C1(O2)C(C)CC(=O)C=C1OC,-4.61
COC1=CC2=C(C=C1)N(C(=O)C1=CC=C(Cl)C=C1)C(C)=C2CC(O)=O,-4.62
CCCCCCCCCCCC(O)=O,-4.62
CCCCCCCCCC(=O)OC,-4.63
ClC1=CC(Cl)=C(Cl)C(Cl)=C1,-4.63
C1CC2=CC=CC3=C2C1=CC=C3,-4.63
CCCCCC1=CC=CC=C1,-4.64
CC(C)COC(=O)C1=CC=CC=C1C(=O)OCC(C)C,-4.66
CCCCCCCCCCCCO,-4.67
CCCCCCCCCCCC(=O)OC,-4.69
CC(=O)OCCN1CCN(CCCN2C3=CC(Cl)=CC=C3SC3=C2C=CC=C3)CC1,-4.7
OC1=CC=C(Cl)C=C1C(=O)NC1=CC=C(C=C1Cl)N(=O)=O,-4.7
CC(=O)C1(O)CCC2C3CCC4=CC(=O)CCC4(C)C3CCC12C,-4.71
CCCCC(=O)OC1(C(C)CC2C3CCC4=CC(=O)C=CC4(C)C3(F)C(O)CC12C)C(=O)CO,-4.71
CCCC1CCCC1,-4.74
CN1CCCC(CN2C3=CC=CC=C3SC3=CC=CC=C23)C1,-4.74
CC1=CC=CC2=C1C=CC=C2C,-4.74
CCCCN(C)C(=O)NC1=CC(Cl)=C(Cl)C=C1,-4.77
CCCCCCCI,-4.81
CC1=CC(OC2=CC(C)=CC=C2)=CC=C1,-4.85
CCN(CC)C(=S)SSC(=S)N(CC)CC,-4.86
ClC1=CC=CC(=C1)C1=CC=CC=C1,-4.88
CC1CC2C3CCC4=CC(=O)C=CC4(C)C3(F)C(O)CC2(C)C1(OC(C)=O)C(=O)CO,-4.9
C1C2=CC=CC=C2C2=C1C=CC=C2,-4.91
NC1=CC=C(C=C1Cl)C1=CC(Cl)=C(N)C=C1,-4.92
CC1=CC=C(C)C2=C1C=CC=C2C,-4.92
CC(C)OC(=O)C(O)(C1=CC=C(Br)C=C1)C1=CC=C(Br)C=C1,-4.93
CC=C(C(=CC)C1=CC=C(O)C=C1)C1=CC=C(O)C=C1,-4.95
CC(=O)OC1(CCC2C3C=C(Cl)C4=CC(=O)C=CC4(C)C3CCC12C)C(C)=O,-4.95
N1C2=C(C=CC=C2)C2=C1C=CC=C2,-4.97
ClC1=CC(Cl)=C(Cl)C2=NSN=C12,-4.98
CN(C)CCCN1C2=CC(Cl)=CC=C2SC2=C1C=CC=C2,-5.01
ClC(Cl)C(=O)NC1=C(Cl)C(=O)C2=CC=CC=C2C1=O,-5.03
BrC1=CC=CC(Br)=C1Br,-5.04
CCCCCCCC=C,-5.05
CCCCCCCCBr,-5.06
OC(=O)CCC(=O)C1=CC=C(C=C1)C1=CC=CC=C1,-5.06
COC1=CC=C(Cl)C=C1C(=O)NCCC1=CC=C(C=C1)S(=O)(=O)NC(=O)NC1CCCCC1,-5.09
CCCCSP(=O)(SCCCC)SCCCC,-5.14
CC(CCC(=O)NCC(O)=O)C1CCC2C3C(O)CC4CC(O)CCC4(C)C3CC(O)C12C,-5.15
NC1=CC2=C(C=C1)C=C1C=CC=CC1=C2,-5.17
ClC1=C(Cl)C(Cl)(Cl)C(Cl)=C1Cl,-5.18
COC(C)(C)CCCC(C)CC=CC(C)=CC(=O)OC(C)C,-5.19
O=C1C2=CC=CC=C2C(=O)C2=C1C=CC=C2,-5.19
ClC1=CC=CC(Cl)=C1C1=CC=CC=C1,-5.21
NC(CC1=CC(I)=C(OC2=CC=C(O)C(I)=C2)C(I)=C1)C(O)=O,-5.22
CC1=C2CC3=CC=CC=C3C2=CC=C1,-5.22
CCCCCCCC,-5.24
ClC1=CC=C(C(Cl)=C1)C1=CC=CC=C1,-5.25
CC(=O)C1(C)CCC2C3C=C(C)C4=CC(=O)CCC4(C)C3CCC12C,-5.27
ClC1=CC=CC=C1C1=CC=CC=C1Cl,-5.27
CC12CCC3C(=CCC4=C3C=CC(O)=C4)C1CCC2=O,-5.28
ClC1=CC=C(C=C1)C1=CC=CC=C1Cl,-5.28
CN(C)CCCN1C2=CC=CC=C2SC2=C1C=C(C=C2)C(F)(F)F,-5.3
O1C2=CC=CC=C2OC2=CC=CC=C12,-5.31
CCCCCCCCCCCCCC(O)=O,-5.33
CC(=O)OC1(CCC2C3C=C(C)C4=CC(=O)CCC4(C)C3CCC12C)C(C)=O,-5.35
CCC(=O)OC1CCC2C3CCC4=CC(=O)CCC4(C)C3CCC12C,-5.37
CCCCCCCCOC(=O)C1=CC=C(N)C=C1,-5.4
C1=CC2=C(C=C1)N=C(C=C2)C1=NC2=C(C=CC=C2)C=C1,-5.4
ClC(Cl)C(Cl)(Cl)SN1C(=O)C2CC=CCC2C1=O,-5.4
CC12CCC3C(CCC4CC5SC5CC34C)C1CCC2O,-5.41
ClC1=C(Cl)C2=C(N=CC=N2)C(Cl)=C1Cl,-5.43
ClC1=CC(Cl)=C(OC2=CC=C(C=C2)N(=O)=O)C=C1,-5.46
CCN(CC)C1=C(C(N)=C(C=C1N(=O)=O)C(F)(F)F)N(=O)=O,-5.47
CN(C=NC1=CC=C(C)C=C1C)C=NC1=CC=C(C)C=C1C,-5.47
CC(C)(C)CC(=O)OCC(=O)C1(O)CCC2C3CCC4=CC(=O)CCC4(C)C3C(O)CC12C,-5.51
CCCCN(CC)C1=C(C=C(C=C1N(=O)=O)C(F)(F)F)N(=O)=O,-5.53
CCOP(=S)(OCC)SCSP(=S)(OCC)OCC,-5.54
COC1=CC2=C(C=C1)N(C(=O)C=CC1=CC=CC=C1)C(C)=C2CC(O)=O,-5.54
CCCCOC(=O)C1=CC=CC=C1C(=O)OCC1=CC=CC=C1,-5.64
ClC1=C(Cl)C2(Cl)C3C=CCC3C1(Cl)C2(Cl)Cl,-5.64
ClC1=CC(Cl)=C(Cl)C(Cl)=C1Cl,-5.65
CC12CCC3C(CCC4=CC(=O)CCC34C)C1CCC2(O)C#C,-5.66
CCCCCCCCCCCCCCCCCC(O)=O,-5.68
CC(C)OC1=CC(N2N=C(OC2=O)C(C)(C)C)=C(Cl)C=C1Cl,-5.69
CC12CCC3C(CCC4CCCCC34C)C1CCC2=O,-6.7
COP(=S)(OC)OC1=CC(Cl)=C(Cl)C=C1Cl,-5.72
ClC1=C(Cl)C(Cl)=C(C(Cl)=C1Cl)N(=O)=O,-5.82
C1=CC2=C(C=C1)C1=C3C2=CC=CC3=CC=C1,-6.0
ClC1=CC(=CC=C1)C1=CC(Cl)=CC=C1Cl,-6.01
FC1=CC=CC(F)=C1C(=O)NC(=O)NC1=CC=C(Cl)C=C1,-6.02
CCCCCCCCCCCCCCO,-6.05
ClC1=CC(Cl)=C(C(Cl)=C1)C1=CC=CC=C1,-6.14
C1=CC2=C3C(C=CC4=CC=CC(C=C2)=C34)=C1,-6.19
NC1=CC2=C(C=CC3=C2C=CC=C3)C2=C1C=CC=C2,-6.2
ClC1=CC=C(C=C1)C1=CC(Cl)=CC=C1Cl,-6.25
ClC1=CC=C(C=C1)C1=CC=CC(Cl)=C1Cl,-6.26
ClC1=CC(Cl)=C(Cl)C=C1C1=CC=CC=C1,-6.27
ClC1=C(Cl)[C@]2(Cl)C3[C@@H]4C[C@@H](C5OC45)C3[C@]1(Cl)C2(Cl)Cl,-6.29
ClC1=CC=C(C=C1Cl)C1=CC=CC=C1Cl,-6.29
CCOP(=S)(OCC)SC(CCl)N1C(=O)C2=CC=CC=C2C1=O,-6.34
C1=CC2=CC3=C(C=CC=C3)C=C2C=C1,-6.35
ClC(Cl)=C(C1=CC=C(Cl)C=C1)C1=CC=CC=C1Cl,-6.36
ClC1=CC=C(C=C1Cl)C1=CC=CC=C1,-6.39
ClC1=CC=C(Cl)C(=C1)C1=CC=CC(Cl)=C1Cl,-6.47
ClC(Cl)C(C1=CC=C(Cl)C=C1)C1=CC=CC=C1Cl,-6.51
ClC1=CC=C(C=C1)C1=CC=C(Cl)C=C1,-6.56
ClC1=CC(Cl)=C(C=C1)C1=CC(Cl)=CC=C1Cl,-6.57
CC1=C2C=CC=CC2=C(C)C2=C1C=CC=C2,-6.57
COP(=S)(OC)OC1=C(Cl)C=C(I)C(Cl)=C1,-6.62
C1C2=CC=CC=C2C2=C1C1=C(C=CC=C1)C=C2,-6.68
C1=CC2=C(C=C1)C1=C(C=CC=C1)C1=C2C=CC=C1,-6.74
ClC1=CC=C(Cl)C(=C1)C1=C(Cl)C=CC=C1Cl,-6.8
CCC1=CC2=C(C=C1)C=C1C=CC=CC1=C2,-6.89
ClC(Cl)=C(C1=CC=C(Cl)C=C1)C1=CC=C(Cl)C=C1,-6.9
CC1=CC2=C(C=C1)C=C1C=CC=CC1=C2,-6.96
CC1=C2C=CC=CC2=C(C)C2=C1C=CC1=C2C=CC=C1,-7.02
C1=CC=C(C=C1)C1=CC=C(C=C1)C1=CC=CC=C1,-7.11
ClC(Cl)C(C1=CC=C(Cl)C=C1)C1=CC=C(Cl)C=C1,-7.2
ClC1=C(Cl)C(Cl)=C(Cl)C(=C1)C1=C(Cl)C=CC=C1,-7.21
ClC1=CC=C(Cl)C(=C1)C1=CC=C(Cl)C(Cl)=C1,-7.25
ClC1=CC=CC(=C1Cl)C1=CC=CC(Cl)=C1Cl,-7.28
CC1C2C(CC3C4CC=C5CC(O)CCC5(C)C4CCC23C)OC11CCC(C)CO1,-7.32
ClC1=CC(Cl)=C(C(Cl)=C1)C1=C(Cl)C=CC=C1Cl,-7.32
ClC1=CC=C(C=C1Cl)C1=CC(Cl)=C(Cl)C=C1Cl,-7.39
ClC1=CC=CC(Cl)=C1C1=C(Cl)C=CC=C1Cl,-7.39
N1C2=C(C=CC3=C2C=CC=C3)C2=C1C1=C(C=CC=C1)C=C2,-7.42
ClC1=CC=C(Cl)C(=C1)C1=C(Cl)C(Cl)=CC(Cl)=C1Cl,-7.42
ClC1=CC(Cl)=C(Cl)C(Cl)=C1C1=C(Cl)C=CC=C1,-7.43
ClC1=CC=C(C=C1Cl)C1=C(Cl)C=C(Cl)C(Cl)=C1Cl,-7.66
ClC1=CC=C(Cl)C(=C1)C1=CC(Cl)=C(Cl)C(Cl)=C1Cl,-7.68
ClC1=CC=C(C(Cl)=C1)C1=CC=C(Cl)C(Cl)=C1,-7.8
ClC1=CC=C(C=C1Cl)C1=CC(Cl)=C(Cl)C(Cl)=C1Cl,-7.82
ClC1=C(Cl)C(Cl)=C(C(Cl)=C1Cl)C1=CC=CC=C1,-7.92
ClC1=CC(Cl)=C(C(Cl)=C1Cl)C1=CC(Cl)=C(Cl)C=C1Cl,-7.92
CC1=CC=C2C=C3C(C=CC4=C3C=CC=C4)=C3CCC1=C23,-7.92
C1=CC2=C(C=C1)C1=C(C=C2)C2=CC=CC3=C2C1=CC=C3,-8.0
ClC1=CC=C(C(Cl)=C1Cl)C1=CC=C(Cl)C(Cl)=C1Cl,-8.01
C1=CC2=CC3=C4C(C=CC5=C4C(C=C3)=CC=C5)=C2C=C1,-8.19
C1=CC2=C(C=C1)C1=C3C2=CC2=C(C=CC=C2)C3=CC=C1,-8.23
FC(F)(F)C1=CC=CC(=C1)C(N1C=NC=N1)(C1=CC=CC=C1)C1=CC=CC=C1,-8.4
ClC1=CC(Cl)=C(Cl)C=C1C1=CC(Cl)=C(Cl)C=C1Cl,-8.56
ClC1=CC=CC(=C1Cl)C1=C(Cl)C(Cl)=CC(Cl)=C1Cl,-8.6
ClC1=CC(Cl)=C(C(Cl)=C1)C1=C(Cl)C=C(Cl)C=C1Cl,-8.71
C1=CC2=CC=CC3=C2C(=C1)C1=CC=CC2=C1C3=CC=C2,-8.8
ClC1=CC=C(Cl)C(=C1)C1=C(Cl)C(Cl)=C(Cl)C(Cl)=C1Cl,-8.94
ClC1=CC(Cl)=C(Cl)C(=C1Cl)C1=C(Cl)C(Cl)=CC(Cl)=C1Cl,-9.15
ClC1=C(Cl)C(Cl)=C(Cl)C(=C1)C1=CC(Cl)=C(Cl)C(Cl)=C1Cl,-9.16
ClC1=C(Cl)C(Cl)=C(C(Cl)=C1Cl)C1=C(Cl)C(Cl)=C(Cl)C(Cl)=C1Cl,-11.62
CNC(N)=O,1.13
O=C1CCCO1,1.07
O=C1CCCN1,1.07
C1COCCN1,1.06
OC1CCOC1,1.05
CN1CCCC1=O,1.0
OCC1=CC=CN=C1,0.96
NC(N)=O,0.96
NC(=O)C=C,0.96
CN(C)C(=O)N(C)C,0.94
CN(C)C,0.84
CN1CCCC1C1=CC=CN=C1,0.79
OCC1OC(O)C(O)C(O)C1O,0.74
OCC(O)C(O)CO,0.7
COC(C)=O,0.52
OC(=O)CC(O)(CC(O)=O)C(O)=O,0.51
CCOP(=O)(OCC)OCC,0.43
CCC(C)O,0.43
OC(=O)C(O)=O,0.38
CC1=CC(C)=CN=C1,0.38
CC1=CC=NC=C1C,0.36
NC(N)=S,0.32
CC(O)C(F)(F)F,0.3
CC1=NC2=C(C=NC=N2)N=C1,0.06
CC(=C)C(O)=O,0.01
CCCCO,0.0
NC(=O)CCl,-0.02
CCOC(C)=O,-0.04
COC(C)C,-0.06
OC(CCl)CCl,-0.11
CCC(=O)OC,-0.14
OC1=CC=C(O)C=C1,-0.17
COP(=O)(OC)C(O)C(Cl)(Cl)Cl,-0.22
COC(C)(C)C,-0.24
NC(=O)OCC1=CC=CC=C1,-0.35
NC1=NC=CS1,-0.36
O=C1CNC(=O)N1,-0.4
O=C1NC(=O)C(=O)N1,-0.4
CC(C)(C)CO,-0.4
NC1=CC=C(C=C1)C(O)=O,-0.4
NC1=CC=CC=C1,-0.41
CC(C)C(C)(C)O,-0.41
CCCCOCCO,-0.42
CCOC(C)OCC,-0.43
OC(=O)CCI,-0.43
CCCNCCC,-0.46
CCC(C)CO,-0.47
OC(=O)C1=CC=CO1,-0.48
CCCC(C)(C)O,-0.49
CC(C)CCO,-0.52
CC(C)OC(C)=O,-0.55
CCOC(C)C,-0.55
CCS,-0.6
CCCCCO,-0.6
CC(C)N(=O)=O,-0.62
CN1N(C(=O)C(N)=C1C)C1=CC=CC=C1,-0.62
CC1=CC=CC=C1O,-0.62
S=C1NCCN1,-0.71
OCCC1=CC=CC=C1,-0.74
CCCN(=O)=O,-0.8
CC(C)CC(C)O,-0.8
CCCCC(C)=O,-0.8
CCC(CC)C(O)=O,-0.81
OC(=O)CCCCC(O)=O,-0.82
O=C1CNC(=O)CN1,-0.83
CN(C)C(=O)OC1=CC(=O)CC(C)(C)C1,-0.85
CC1=C(N)C=CC=C1,-0.85
CCC(C)(O)C(C)C,-0.85
CCC(C)C(C)(C)O,-0.89
CCCCC(C)O,-0.89
NC(=O)C1=CN=CC=N1,-0.91
OCC(C(O)=O)C1=CC=CC=C1,-0.93
CC1CCCCC1=O,-0.94
NC(=O)NCC1=CC=CC=C1,-0.95
CN(C(C)=O)C1=CC=CC=C1,-0.95
CCN(N=O)C(N)=O,-0.96
N#CC1=CC=CC=C1,-1.0
OC1=CC=CC(=C1)N(=O)=O,-1.01
CCC(C)(C)CO,-1.04
ClCCCl,-1.06
CC1=CC(=O)CC(C)(C)C1,-1.06
OC1=CC=CC=C1Cl,-1.06
CCCCCC(O)=O,-1.06
CCCCCCN,-1.1
CCCC(C)CO,-1.11
ClCCOCCCl,-1.12
CCC(O)C(C)(C)C,-1.15
OC(=O)C1=CC(O)=C(O)C(O)=C1,-1.16
BrCBr,-1.17
CC1=CC(O)=C2C=CC=CC2=N1,-1.2
CC1=CC=C(N)C=C1,-1.21
OCC1OC(C(O)C1O)N1C=NC2=C1N=CN=C2O,-1.23
COC(=O)C1=CC(O)=C(O)C(O)=C1,-1.24
CC1=NC=C(N1CCO)N(=O)=O,-1.26
CC1=CC(=O)NC(=O)N1,-1.26
CC1=CC(N)=NC(C)=N1,-1.28
CNC1=CC=CC=C1,-1.28
CCCC(=O)CCC,-1.3
ClC=CCl,-1.3
CC1=CC=CC(C)=C1O,-1.31
BrC=CBr,-1.32
CCCOC(C)C,-1.34
CNC(NCCSCC1=C(C)NC=N1)=NC#N,-1.35
ClCC=C,-1.36
NC1=CC=C(C=C1)S(N)(=O)=O,-1.36
O=C1OC(=O)C2=CC=CC=C12,-1.39
CC1=CC=C(O)C=C1C,-1.41
CC(C)Cl,-1.41
OC(=O)C1=CC=C(O)C=C1,-1.41
CC1(C)C(CCC1(C)C(O)=O)C(O)=O,-1.42
CN(C)C1C2CC3C(=C(O)C2(O)C(=O)C(C(=O)NCN2CCCC2)=C1O)C(=O)C1=C(C=CC=C1O)C3(C)O,-1.42
CC(C)CC(C)=O,-1.42
OC(=O)C1CCCCC1,-1.45
CCNC(=S)NCC,-1.46
CCCCCOC(N)=O,-1.47
NC1=CC=CC(=C1)C(F)(F)F,-1.47
CCCCC(O)CC,-1.47
O=C1NC=CC(=O)N1,-1.48
BrCC=C,-1.5
S1C=NC2=C1C=CC=C2,-1.5
CCCC1CCCCN1,-1.5
OC[C@H](O)[C@@H](O)[C@H](O)[C@H](O)CO,1.09
OC[C@H]1OC(O)(CO)[C@@H](O)[C@@H]1O,0.64
O[C@H]1CO[C@@H](O)[C@H](O)[C@H]1O,0.39
CN1[C@H]2CC[C@@H]1[C@H]([C@@H](O)C2)C(O)=O,-0.02
CC(=O)[C@H]1CC[C@H]2[C@@H]3CCC4=CC(=O)CC[C@]4(C)[C@H]3CC[C@]12C,-4.43
COC(=O)[C@@H]1[C@H]2CC[C@@H](C[C@@H]1OC(=O)C1=CC=CC=C1)N2C,-2.23
